{
  "eye": {
    "orientation": [
      -4.824250481760828E-6,
      -0.0010069608688354492,
      3.8750000385334715E-5,
      0.9999995231628418
    ],
    "magnitude": 0.5773502588272095,
    "position": [
      636.7160034179688,
      360.0155944824219,
      1886.4390869140625
    ]
  },
  "radius": 793.2212524414062,
  "type": "PERSPECTIVE"
}